AD,ED,Democratic,CountyCommitteeCount,VoteTally
41,1,1220,4,488
41,2,1031,4,439
41,3,793,3,325
41,4,1154,4,528
41,5,938,4,321
41,6,992,4,367
41,7,1053,4,421
41,8,963,4,391
41,9,1175,4,343
41,10,745,3,327
41,11,959,4,622
41,12,694,3,168
41,13,699,3,252
41,14,683,3,66
41,15,312,2,71
41,16,634,3,183
41,17,814,3,293
41,18,734,3,300
41,19,883,3,358
41,20,148,2,37
41,21,252,2,75
41,22,964,4,173
41,23,593,2,138
41,24,689,3,124
41,25,712,3,136
41,26,724,3,191
41,27,721,3,174
41,28,503,2,92
41,29,544,2,84
41,30,574,2,155
41,31,378,2,114
41,32,813,3,313
41,33,822,3,179
41,34,771,3,231
41,35,613,3,91
41,36,324,2,87
41,37,361,2,56
41,38,213,2,
41,39,249,2,
41,40,579,2,130
41,41,704,3,100
41,42,629,3,149
41,43,562,2,143
41,44,488,2,133
41,45,612,3,218
41,46,462,2,111
41,47,604,2,127
41,48,522,2,259
41,49,1091,4,220
41,50,747,3,178
41,51,552,2,140
41,52,817,3,312
41,53,351,2,86
41,54,203,2,80
41,55,568,2,156
41,56,492,2,109
41,57,435,2,115
41,58,597,2,183
41,59,218,2,80
41,60,294,2,177
41,61,533,2,140
41,62,1,2,0
41,63,621,3,152
41,64,505,2,140
41,65,206,2,86
41,66,395,2,99
41,67,354,2,88
41,68,186,2,68
41,69,179,2,28
41,70,256,2,
41,71,408,2,
41,72,0,2,
41,73,0,2,
41,74,0,2,
42,1,67,2,23
42,2,840,3,339
42,3,1010,4,413
42,4,1037,4,389
42,5,1030,4,376
42,6,1134,4,436
42,7,1320,4,508
42,8,684,3,246
42,9,1129,4,393
42,10,1157,4,282
42,11,1088,4,426
42,12,1137,4,437
42,13,1231,4,464
42,14,1041,4,339
42,15,1058,4,421
42,16,1085,4,336
42,17,1231,4,394
42,18,857,3,282
42,19,1192,4,412
42,20,1129,4,395
42,21,1131,4,417
42,22,980,4,407
42,23,1156,4,484
42,24,1128,4,396
42,25,1070,4,353
42,26,861,3,582
42,27,316,2,384
42,28,44,2,341
42,29,1146,4,300
42,30,775,3,304
42,31,935,4,417
42,32,798,3,535
42,33,963,4,341
42,34,667,3,267
42,35,963,4,366
42,36,1036,4,354
42,37,1182,4,394
42,38,1141,4,411
42,39,1082,4,363
42,40,907,3,359
42,41,1086,4,377
42,42,868,3,378
42,43,1195,4,396
42,44,827,3,263
42,45,702,3,278
42,46,765,3,270
42,47,1002,4,428
42,48,113,2,10
42,49,986,4,335
42,50,1160,4,425
42,51,765,3,279
42,52,769,3,70
42,53,985,4,261
42,54,908,3,33
42,55,806,3,225
42,56,627,3,101
42,57,239,2,12
42,58,926,4,141
42,59,560,2,45
42,60,746,3,0
42,61,1212,4,0
42,62,0,2,
43,1,985,4,373
43,2,1079,4,406
43,3,1001,4,406
43,4,1261,4,463
43,5,773,3,295
43,6,1009,4,353
43,7,1282,4,386
43,8,778,3,302
43,9,633,3,311
43,10,1046,4,378
43,11,857,3,341
43,12,771,3,280
43,13,1003,4,373
43,14,738,3,268
43,15,824,3,270
43,16,1062,4,331
43,17,789,3,157
43,18,1072,4,434
43,19,1074,4,435
43,20,1005,4,229
43,21,867,3,149
43,22,1066,4,231
43,23,1053,4,363
43,24,840,3,191
43,25,902,3,237
43,26,570,2,127
43,27,978,4,211
43,28,648,3,65
43,29,1054,4,300
43,30,1194,4,392
43,31,1111,4,472
43,32,1027,4,382
43,33,1212,4,434
43,34,959,4,371
43,35,1123,4,460
43,36,1044,4,419
43,37,1278,4,448
43,38,1148,4,506
43,39,935,4,481
43,40,1137,4,451
43,41,1108,4,466
43,42,995,4,419
43,43,1005,4,314
43,44,1068,4,346
43,45,1202,4,355
43,46,664,3,375
43,47,1429,4,383
43,48,166,2,144
43,49,1141,4,262
43,50,707,3,204
43,51,645,3,19
43,52,1100,4,558
43,53,1134,4,446
43,54,1199,4,464
43,55,935,4,337
43,56,1178,4,420
43,57,1288,4,552
43,58,840,3,346
43,59,1196,4,426
43,60,954,4,382
43,61,922,4,356
43,62,697,3,287
43,63,922,4,345
43,64,1209,4,474
43,65,960,4,417
43,66,997,4,413
43,67,1249,4,449
43,68,479,2,190
44,1,842,3,355
44,2,972,4,365
44,3,208,2,119
44,4,706,3,272
44,5,609,2,309
44,6,1313,4,650
44,7,1153,4,570
44,8,1012,4,466
44,9,1024,4,437
44,10,919,4,467
44,11,555,2,241
44,12,1345,4,577
44,13,356,2,195
44,14,1168,4,511
44,15,281,2,146
44,16,1512,4,828
44,17,1204,4,635
44,18,943,4,484
44,19,629,3,409
44,20,510,2,176
44,21,762,3,348
44,22,784,3,391
44,23,1050,4,609
44,24,881,3,524
44,25,1056,4,616
44,26,821,3,485
44,27,946,4,543
44,28,975,4,579
44,29,1110,4,594
44,30,883,3,536
44,31,1212,4,592
44,32,1184,4,576
44,33,1224,4,559
44,34,660,3,317
44,35,767,3,319
44,36,1177,4,626
44,37,1061,4,590
44,38,1047,4,601
44,39,925,4,480
44,40,630,3,365
44,41,756,3,602
44,42,495,2,84
44,43,845,3,329
44,44,1033,4,294
44,45,819,3,177
44,46,915,3,507
44,47,704,3,182
44,48,883,3,193
44,49,387,2,25
44,50,326,2,26
44,51,390,2,22
44,52,134,2,23
44,53,737,3,135
44,54,904,3,453
44,55,270,2,104
44,56,868,3,437
44,57,867,3,206
44,58,691,3,247
44,59,635,3,292
44,60,284,2,168
44,61,1397,4,426
44,62,927,4,354
44,63,1259,4,267
44,64,990,4,313
44,65,672,3,512
44,66,1106,4,303
44,67,637,3,287
44,68,550,2,44
44,69,866,3,247
44,70,636,3,270
44,71,603,2,331
44,72,759,3,291
44,73,232,2,
44,74,590,2,291
44,75,17,2,1
44,76,482,2,128
44,77,210,2,105
44,78,512,2,126
44,79,0,2,
44,80,0,2,
44,81,0,2,
45,1,650,3,87
45,2,844,3,109
45,3,767,3,165
45,4,633,3,139
45,5,637,3,134
45,6,667,3,143
45,7,680,3,77
45,8,644,3,37
45,9,667,3,96
45,10,560,2,44
45,11,478,2,28
45,12,133,2,15
45,13,260,2,2
45,14,464,2,42
45,15,483,2,49
45,16,812,3,52
45,17,517,2,66
45,18,88,2,15
45,19,194,2,36
45,20,473,2,119
45,21,170,2,112
45,22,210,2,68
45,23,763,3,177
45,24,828,3,191
45,25,349,2,45
45,26,289,2,21
45,27,552,2,102
45,28,467,2,130
45,29,413,2,43
45,30,517,2,106
45,31,656,3,145
45,32,682,3,113
45,33,410,2,90
45,34,497,2,131
45,35,336,2,57
45,36,701,3,177
45,37,691,3,175
45,38,341,2,67
45,39,54,2,13
45,40,513,2,124
45,41,674,3,179
45,42,603,2,158
45,43,567,2,164
45,44,508,2,156
45,45,519,2,118
45,46,497,2,133
45,47,556,2,149
45,48,365,2,118
45,49,283,2,54
45,50,628,3,98
45,51,423,2,111
45,52,372,2,73
45,53,319,2,0
45,54,63,2,
45,55,33,2,
45,56,0,2,
46,1,529,2,251
46,2,575,2,269
46,3,764,3,386
46,4,678,3,318
46,5,806,3,298
46,6,520,2,276
46,7,683,3,285
46,8,628,3,247
46,9,715,3,314
46,10,791,3,353
46,11,552,2,199
46,12,628,3,442
46,13,666,3,391
46,14,775,3,399
46,15,617,3,262
46,16,745,3,309
46,17,663,3,218
46,18,668,3,280
46,19,625,3,384
46,20,688,3,341
46,21,105,2,51
46,22,634,3,234
46,23,499,2,172
46,24,378,2,80
46,25,361,2,132
46,26,588,2,158
46,27,641,3,305
46,28,438,2,133
46,29,146,2,57
46,30,140,2,33
46,31,394,2,87
46,32,241,2,43
46,33,70,2,20
46,34,488,2,118
46,35,208,2,53
46,36,328,2,124
46,37,1,2,1
46,38,464,2,94
46,39,644,3,155
46,40,690,3,161
46,41,719,3,230
46,42,781,3,189
46,43,831,3,172
46,44,531,2,149
46,45,577,2,155
46,46,718,3,181
46,47,807,3,217
46,48,772,3,200
46,49,359,2,65
46,50,902,3,231
46,51,691,3,155
46,52,648,3,160
46,53,664,3,145
46,54,263,2,39
46,55,357,2,68
46,56,487,2,135
46,57,296,2,86
46,58,230,2,82
46,59,235,2,53
46,60,212,2,73
46,61,587,2,196
46,62,317,2,87
46,63,221,2,134
46,64,214,2,64
46,65,245,2,66
46,66,501,2,118
46,67,431,2,45
46,68,650,3,112
46,69,518,2,101
46,70,580,2,138
46,71,725,3,140
46,72,2,2,0
46,73,216,2,0
46,74,0,2,0
46,75,0,2,0
46,76,0,2,
46,77,0,2,
46,78,0,2,
47,1,243,2,69
47,2,709,3,186
47,3,296,2,142
47,4,493,2,122
47,5,588,2,186
47,6,283,2,107
47,7,460,2,132
47,8,286,2,150
47,9,602,2,138
47,10,554,2,135
47,11,503,2,132
47,12,667,3,176
47,13,489,2,149
47,14,893,3,159
47,15,92,2,19
47,16,132,2,25
47,17,88,2,14
47,18,364,2,79
47,19,413,2,78
47,20,397,2,185
47,21,571,2,151
47,22,457,2,106
47,23,853,3,106
47,24,569,2,129
47,25,677,3,141
47,26,612,2,120
47,27,910,3,191
47,28,290,2,73
47,29,641,3,114
47,30,35,2,9
47,31,106,2,17
47,32,387,2,117
47,33,665,3,133
47,34,583,2,149
47,35,572,2,84
47,36,511,2,110
47,37,456,2,119
47,38,531,2,162
47,39,438,2,87
47,40,200,2,38
47,41,202,2,60
47,42,982,4,206
47,43,681,3,160
47,44,784,3,159
47,45,752,3,155
47,46,625,3,141
47,47,739,3,167
47,48,192,2,105
47,49,736,3,120
47,50,727,3,94
47,51,91,2,23
47,52,377,2,64
47,53,480,2,97
47,54,606,2,112
47,55,71,2,
47,56,63,2,0
47,57,285,2,
47,58,285,2,
47,59,248,2,
47,60,138,2,
47,61,0,2,
48,1,273,2,24
48,2,548,2,39
48,3,652,3,19
48,4,828,3,59
48,5,527,2,53
48,6,988,4,98
48,7,832,3,25
48,8,854,3,60
48,9,604,2,48
48,10,856,3,55
48,11,727,3,45
48,12,528,2,20
48,13,840,3,55
48,14,367,2,60
48,15,765,3,122
48,16,880,3,129
48,17,25,2,6
48,18,61,2,0
48,19,566,2,111
48,20,580,2,114
48,21,252,2,66
48,22,132,2,14
48,23,877,3,173
48,24,614,3,142
48,25,768,3,136
48,26,794,3,64
48,27,664,3,80
48,28,601,2,72
48,29,660,3,88
48,30,492,2,55
48,31,104,2,18
48,32,489,2,23
48,33,563,2,104
48,34,172,2,48
48,35,589,2,103
48,36,328,2,62
48,37,352,2,20
48,38,733,3,66
48,39,685,3,63
48,40,897,3,28
48,41,764,3,25
48,42,778,3,20
48,43,534,2,36
48,44,500,2,14
48,45,694,3,54
48,46,757,3,49
48,47,782,3,36
48,48,741,3,76
48,49,565,2,29
48,50,726,3,36
48,51,671,3,17
48,52,448,2,
48,53,518,2,
48,54,0,2,
49,1,13,2,
49,2,109,2,23
49,3,94,2,23
49,4,339,2,105
49,5,419,2,93
49,6,774,3,104
49,7,650,3,80
49,8,703,3,106
49,9,699,3,70
49,10,541,2,76
49,11,667,3,86
49,12,615,3,87
49,13,104,2,9
49,14,262,2,77
49,15,521,2,107
49,16,596,2,160
49,17,920,4,105
49,18,646,3,160
49,19,376,2,106
49,20,162,2,0
49,21,370,2,56
49,22,440,2,86
49,23,517,2,114
49,24,590,2,120
49,25,570,2,129
49,26,632,3,125
49,27,571,2,132
49,28,464,2,148
49,29,315,2,43
49,30,635,3,183
49,31,716,3,124
49,32,681,3,143
49,33,664,3,168
49,34,356,2,144
49,35,515,2,158
49,36,398,2,166
49,37,577,2,162
49,38,534,2,167
49,39,733,3,113
49,40,613,3,145
49,41,692,3,203
49,42,397,2,109
49,43,557,2,186
49,44,280,2,116
49,45,284,2,60
49,46,13,2,4
49,47,469,2,65
49,48,112,2,13
49,49,174,2,30
49,50,442,2,118
49,51,322,2,46
49,52,287,2,0
49,53,459,2,
49,54,1,2,
49,55,0,2,
49,56,0,2,
50,1,1255,4,552
50,2,951,4,389
50,3,919,4,406
50,4,979,4,458
50,5,1037,4,447
50,6,860,3,362
50,7,755,3,402
50,8,895,3,402
50,9,7,2,
50,10,456,2,160
50,11,601,2,263
50,12,575,2,333
50,13,700,3,312
50,14,880,3,397
50,15,729,3,357
50,16,830,3,383
50,17,902,3,389
50,18,741,3,317
50,19,954,4,339
50,20,875,3,407
50,21,818,3,351
50,22,802,3,403
50,23,793,3,420
50,24,1327,4,511
50,25,629,3,455
50,26,1055,4,610
50,27,1071,4,524
50,28,434,2,455
50,29,1039,4,470
50,30,740,3,486
50,31,395,2,242
50,32,637,3,356
50,33,896,3,257
50,34,1281,4,196
50,35,1069,4,125
50,36,733,3,212
50,37,1402,4,71
50,38,1010,4,197
50,39,702,3,60
50,40,1009,4,91
50,41,984,4,151
50,42,875,3,72
50,43,763,3,53
50,44,890,3,95
50,45,1022,4,77
50,46,1074,4,97
50,47,880,3,53
50,48,984,4,66
50,49,814,3,59
50,50,946,4,341
50,51,875,3,385
50,52,959,4,374
50,53,800,3,358
50,54,534,2,208
50,55,289,2,131
50,56,1016,4,463
50,57,983,4,438
50,58,878,3,368
50,59,902,3,374
50,60,716,3,322
50,61,902,3,485
50,62,736,3,354
50,63,754,3,368
50,64,9,2,2
50,65,516,2,242
50,66,0,2,
50,67,0,2,
51,1,498,2,454
51,2,607,2,162
51,3,269,2,183
51,4,263,2,135
51,5,461,2,82
51,6,841,3,186
51,7,1026,4,216
51,8,1006,4,224
51,9,766,3,157
51,10,512,2,109
51,11,932,4,223
51,12,698,3,116
51,13,917,3,197
51,14,865,3,214
51,15,904,3,220
51,16,1055,4,192
51,17,923,4,194
51,18,1001,4,276
51,19,961,4,254
51,20,852,3,236
51,21,1098,4,399
51,22,1126,4,427
51,23,758,3,225
51,24,928,4,412
51,25,565,2,308
51,26,887,3,421
51,27,278,2,153
51,28,1208,4,463
51,29,1204,4,432
51,30,265,2,130
51,31,342,2,
51,32,178,2,102
51,33,735,3,388
51,34,936,4,240
51,35,720,3,197
51,36,825,3,268
51,37,845,3,205
51,38,719,3,212
51,39,10,2,
51,40,852,3,356
51,41,763,3,493
51,42,1004,4,446
51,43,29,2,1
51,44,1049,4,331
51,45,855,3,239
51,46,789,3,172
51,47,820,3,180
51,48,429,2,120
51,49,529,2,105
51,50,410,2,76
51,51,378,2,65
51,52,937,4,194
51,53,663,3,99
51,54,593,2,2
51,55,9,2,1
51,56,230,2,4
51,57,0,2,
52,1,734,3,45
52,2,958,4,375
52,3,164,2,73
52,4,10,2,0
52,5,568,2,298
52,6,856,3,497
52,7,746,3,407
52,8,688,3,370
52,9,823,3,689
52,10,953,4,599
52,11,746,3,433
52,12,824,3,377
52,13,91,2,115
52,14,706,3,510
52,15,1013,4,513
52,16,1108,4,714
52,17,1070,4,690
52,18,849,3,607
52,19,1000,4,614
52,20,938,4,628
52,21,1076,4,698
52,22,1164,4,756
52,23,361,2,187
52,24,990,4,604
52,25,1122,4,692
52,26,1239,4,767
52,27,0,2,
52,28,698,3,423
52,29,859,3,509
52,30,759,3,384
52,31,651,3,662
52,32,773,3,511
52,33,306,2,201
52,34,861,3,470
52,35,656,3,568
52,36,799,3,550
52,37,781,3,436
52,38,404,2,123
52,39,864,3,526
52,40,987,4,483
52,41,832,3,461
52,42,1055,4,571
52,43,688,3,517
52,44,757,3,359
52,45,888,3,452
52,46,891,3,583
52,47,922,4,640
52,48,914,3,677
52,49,989,4,485
52,50,966,4,417
52,51,391,2,189
52,52,772,3,414
52,53,562,2,432
52,54,883,3,459
52,55,852,3,196
52,56,756,3,171
52,57,793,3,389
52,58,348,2,306
52,59,780,3,212
52,60,1362,4,442
52,61,1104,4,668
52,62,653,3,338
52,63,942,4,609
52,64,712,3,368
52,65,895,3,533
52,66,939,4,559
52,67,849,3,454
52,68,859,3,471
52,69,1088,4,510
52,70,257,2,140
52,71,924,4,408
52,72,445,2,256
52,73,921,4,416
52,74,67,2,31
52,75,900,3,417
52,76,799,3,422
52,77,1016,4,609
52,78,348,2,210
52,79,1107,4,549
52,80,1047,4,594
52,81,1078,4,626
52,82,1092,4,644
52,83,1186,4,722
52,84,1231,4,720
52,85,1054,4,633
52,86,702,3,362
52,87,9,2,4
52,88,664,3,
52,89,0,2,0
52,90,0,2,0
52,91,0,2,0
52,92,0,2,0
52,93,0,2,0
52,94,0,2,
52,95,0,2,
52,96,0,2,0
52,97,0,2,
52,98,0,2,
52,99,0,2,
53,1,1008,4,271
53,2,966,4,282
53,3,1050,4,246
53,4,549,2,263
53,5,933,4,212
53,6,973,4,252
53,7,724,3,201
53,8,1017,4,260
53,9,765,3,202
53,10,1054,4,277
53,11,812,3,231
53,12,853,3,257
53,13,904,3,280
53,14,870,3,247
53,15,813,3,226
53,16,913,3,245
53,17,1067,4,305
53,18,1001,4,314
53,19,1052,4,301
53,20,1125,4,366
53,21,1172,4,342
53,22,1134,4,343
53,23,775,3,249
53,24,989,4,267
53,25,806,3,236
53,26,976,4,285
53,27,906,3,255
53,28,898,3,258
53,29,818,3,278
53,30,716,3,190
53,31,725,3,239
53,32,877,3,210
53,33,942,4,222
53,34,722,3,126
53,35,945,4,182
53,36,1048,4,281
53,37,1265,4,132
53,38,923,4,274
53,39,805,3,271
53,40,926,4,294
53,41,1065,4,375
53,42,944,4,150
53,43,876,3,291
53,44,902,3,270
53,45,901,3,254
53,46,988,4,312
53,47,924,4,249
53,48,866,3,282
53,49,950,4,273
53,50,1056,4,276
53,51,928,4,210
53,52,1262,4,303
53,53,1112,4,349
53,54,875,3,301
53,55,892,3,275
53,56,1092,4,328
53,57,652,3,163
53,58,522,2,163
53,59,646,3,181
53,60,1204,4,497
53,61,927,4,428
53,62,1231,4,302
53,63,512,2,
54,1,294,2,47
54,2,917,3,139
54,3,465,2,71
54,4,966,4,199
54,5,580,2,138
54,6,606,2,180
54,7,981,4,164
54,8,636,3,141
54,9,741,3,126
54,10,574,2,163
54,11,708,3,186
54,12,657,3,192
54,13,531,2,217
54,14,565,2,209
54,15,694,3,227
54,16,261,2,8
54,17,550,2,194
54,18,748,3,176
54,19,578,2,128
54,20,459,2,104
54,21,558,2,119
54,22,764,3,128
54,23,950,4,180
54,24,706,3,108
54,25,954,4,133
54,26,671,3,137
54,27,887,3,163
54,28,811,3,161
54,29,993,4,207
54,30,885,3,141
54,31,1110,4,213
54,32,889,3,151
54,33,1007,4,246
54,34,870,3,203
54,35,933,4,243
54,36,1263,4,341
54,37,760,3,237
54,38,1061,4,378
54,39,1015,4,314
54,40,945,4,292
54,41,906,3,260
54,42,757,3,222
54,43,973,4,274
54,44,1076,4,288
54,45,918,4,285
54,46,737,3,207
54,47,889,3,224
54,48,913,3,214
54,49,777,3,203
54,50,939,4,236
54,51,876,3,224
54,52,752,3,171
54,53,739,3,201
54,54,730,3,213
54,55,728,3,224
54,56,824,3,244
54,57,859,3,228
54,58,45,2,12
54,59,3,2,0
54,60,138,2,44
54,61,501,2,0
54,62,288,2,
54,63,0,2,
55,1,953,4,382
55,2,786,3,272
55,3,861,3,294
55,4,72,2,27
55,5,857,3,328
55,6,658,3,231
55,7,916,3,304
55,8,1004,4,406
55,9,888,3,343
55,10,954,4,331
55,11,718,3,204
55,12,860,3,309
55,13,929,4,288
55,14,872,3,283
55,15,1117,4,324
55,16,2,2,0
55,17,124,2,27
55,18,65,2,10
55,19,756,3,155
55,20,777,3,209
55,21,128,2,27
55,22,300,2,91
55,23,1081,4,221
55,24,1010,4,249
55,25,1260,4,255
55,26,1023,4,234
55,27,756,3,169
55,28,712,3,219
55,29,478,2,278
55,30,1000,4,295
55,31,76,2,21
55,32,626,3,296
55,33,1178,4,385
55,34,453,2,129
55,35,369,2,128
55,36,1078,4,359
55,37,204,2,52
55,38,1257,4,276
55,39,1056,4,298
55,40,718,3,202
55,41,811,3,231
55,42,998,4,201
55,43,623,3,148
55,44,908,3,290
55,45,1184,4,396
55,46,636,3,181
55,47,1004,4,334
55,48,1264,4,366
55,49,1351,4,364
55,50,1142,4,293
55,51,1256,4,436
55,52,1189,4,342
55,53,1266,4,275
55,54,224,2,75
55,55,756,3,214
55,56,1082,4,387
55,57,1131,4,313
55,58,69,2,94
55,59,743,3,265
55,60,1320,4,270
55,61,586,2,241
55,62,669,3,206
55,63,1177,4,398
55,64,1045,4,462
55,65,1014,4,424
55,66,0,2,13
55,67,0,2,
56,1,1174,4,252
56,2,1009,4,250
56,3,899,3,172
56,4,655,3,214
56,5,1232,4,241
56,6,1062,4,222
56,7,1179,4,222
56,8,873,3,294
56,9,840,3,308
56,10,840,3,257
56,11,1064,4,338
56,12,1085,4,367
56,13,1014,4,328
56,14,951,4,219
56,15,949,4,179
56,16,963,4,261
56,17,975,4,301
56,18,42,2,11
56,19,877,3,350
56,20,976,4,359
56,21,890,3,340
56,22,720,3,249
56,23,756,3,280
56,24,1204,4,379
56,25,1004,4,309
56,26,1224,4,381
56,27,1090,4,391
56,28,1024,4,353
56,29,1216,4,474
56,30,892,3,331
56,31,1009,4,258
56,32,1022,4,421
56,33,1007,4,352
56,34,1094,4,313
56,35,1054,4,389
56,36,1044,4,360
56,37,1225,4,463
56,38,1065,4,480
56,39,897,3,342
56,40,896,3,415
56,41,926,4,349
56,42,906,3,336
56,43,1017,4,431
56,44,975,4,543
56,45,965,4,529
56,46,1053,4,466
56,47,1082,4,448
56,48,1151,4,545
56,49,1077,4,448
56,50,1269,4,536
56,51,707,3,187
56,52,718,3,215
56,53,1036,4,340
56,54,599,2,222
56,55,779,3,281
56,56,1329,4,562
56,57,390,2,219
56,58,1457,4,586
56,59,548,2,192
56,60,735,3,205
56,61,545,2,200
56,62,972,4,335
56,63,1057,4,397
56,64,1083,4,325
56,65,488,2,155
56,66,498,2,159
56,67,614,3,164
56,68,559,2,
56,69,997,4,
57,1,1012,4,244
57,2,979,4,291
57,3,1002,4,212
57,4,970,4,235
57,5,590,2,122
57,6,687,3,193
57,7,831,3,193
57,8,1030,4,422
57,9,849,3,357
57,10,1275,4,649
57,11,1189,4,607
57,12,345,2,107
57,13,1080,4,127
57,14,673,3,140
57,15,773,3,485
57,16,829,3,455
57,17,1479,4,783
57,18,701,3,411
57,19,1448,4,733
57,20,923,4,501
57,21,838,3,426
57,22,1023,4,563
57,23,1167,4,471
57,24,618,3,252
57,25,778,3,231
57,26,1046,4,494
57,27,1157,4,628
57,28,1410,4,615
57,29,898,3,483
57,30,1440,4,778
57,31,1374,4,308
57,32,836,3,343
57,33,1217,4,472
57,34,1219,4,487
57,35,1172,4,465
57,36,1113,4,444
57,37,1289,4,544
57,38,854,3,289
57,39,626,3,378
57,40,666,3,251
57,41,640,3,266
57,42,613,3,245
57,43,1232,4,680
57,44,928,4,500
57,45,819,3,427
57,46,979,4,495
57,47,1109,4,556
57,48,1089,4,511
57,49,1215,4,614
57,50,1075,4,476
57,51,1453,4,516
57,52,974,4,89
57,53,766,3,280
57,54,837,3,679
57,55,1026,4,450
57,56,1145,4,444
57,57,1191,4,536
57,58,891,3,359
57,59,871,3,365
57,60,1325,4,542
57,61,1242,4,447
57,62,994,4,336
57,63,1194,4,457
57,64,926,4,378
57,65,1207,4,529
57,66,709,3,277
57,67,89,2,
57,68,82,2,30
57,69,143,2,69
57,70,492,2,225
57,71,816,3,126
57,72,429,2,121
57,73,0,2,69
57,74,0,2,43
57,75,0,2,0
57,76,0,2,
57,77,0,2,
58,1,766,3,326
58,2,700,3,497
58,3,1185,4,455
58,4,40,2,16
58,5,823,3,19
58,6,829,3,276
58,7,1108,4,346
58,8,1064,4,379
58,9,921,4,340
58,10,813,3,324
58,11,1258,4,486
58,12,960,4,334
58,13,1302,4,440
58,14,1127,4,355
58,15,1043,4,394
58,16,869,3,330
58,17,907,3,355
58,18,1131,4,431
58,19,828,3,307
58,20,605,2,234
58,21,886,3,363
58,22,286,2,327
58,23,968,4,454
58,24,40,2,13
58,25,1103,4,353
58,26,943,4,318
58,27,963,4,366
58,28,1170,4,487
58,29,1000,4,397
58,30,685,3,417
58,31,830,3,334
58,32,1080,4,402
58,33,1002,4,380
58,34,922,4,366
58,35,1159,4,512
58,36,850,3,351
58,37,1235,4,458
58,38,842,3,315
58,39,968,4,385
58,40,934,4,394
58,41,929,4,381
58,42,1062,4,412
58,43,1009,4,379
58,44,867,3,389
58,45,783,3,316
58,46,496,2,202
58,47,143,2,53
58,48,512,2,194
58,49,730,3,297
58,50,720,3,278
58,51,877,3,343
58,52,828,3,316
58,53,1304,4,633
58,54,394,2,226
58,55,926,4,221
58,56,767,3,353
58,57,1368,4,316
58,58,1279,4,505
58,59,1070,4,461
58,60,1274,4,460
58,61,923,4,448
58,62,1170,4,437
58,63,1033,4,437
58,64,487,2,
58,65,848,3,
58,66,2,2,
58,67,0,2,
58,68,0,2,
59,1,784,3,198
59,2,976,4,335
59,3,1231,4,438
59,4,1226,4,491
59,5,1179,4,432
59,6,1201,4,506
59,7,1199,4,501
59,8,1182,4,473
59,9,1208,4,530
59,10,1102,4,401
59,11,1100,4,386
59,12,1057,4,411
59,13,1184,4,468
59,14,725,3,301
59,15,647,3,15
59,16,1040,4,408
59,17,1210,4,463
59,18,1137,4,448
59,19,1156,4,423
59,20,951,4,426
59,21,1056,4,482
59,22,920,4,510
59,23,518,2,202
59,24,762,3,212
59,25,721,3,209
59,26,721,3,384
59,27,925,4,361
59,28,778,3,265
59,29,851,3,327
59,30,816,3,359
59,31,303,2,122
59,32,1122,4,425
59,33,922,4,313
59,34,893,3,327
59,35,375,2,149
59,36,909,3,360
59,37,1001,4,421
59,38,996,4,338
59,39,1106,4,423
59,40,101,2,44
59,41,865,3,312
59,42,612,2,220
59,43,880,3,303
59,44,437,2,136
59,45,873,3,322
59,46,665,3,206
59,47,348,2,63
59,48,467,2,126
59,49,498,2,129
59,50,447,2,132
59,51,350,2,102
59,52,560,2,215
59,53,498,2,165
59,54,415,2,135
59,55,547,2,204
59,56,630,3,204
59,57,799,3,268
59,58,289,2,96
59,59,322,2,188
59,60,308,2,166
59,61,56,2,4
59,62,3,2,2
59,63,884,3,196
59,64,16,2,
59,65,381,2,
59,66,293,2,0
59,67,0,2,0
59,68,0,2,0
59,69,0,2,
59,70,0,2,
59,71,0,2,
59,72,0,2,
60,1,776,3,242
60,2,1163,4,325
60,3,1041,4,254
60,4,1021,4,411
60,5,428,2,158
60,6,1475,4,571
60,7,1237,4,515
60,8,740,3,285
60,9,1072,4,428
60,10,964,4,424
60,11,531,2,180
60,12,883,3,244
60,13,981,4,258
60,14,1094,4,418
60,15,1005,4,402
60,16,989,4,362
60,17,1075,4,390
60,18,793,3,310
60,19,1109,4,406
60,20,593,2,196
60,21,897,3,470
60,22,1004,4,269
60,23,1171,4,318
60,24,825,3,225
60,25,1031,4,383
60,26,1080,4,320
60,27,578,2,163
60,28,1139,4,394
60,29,1114,4,327
60,30,1198,4,373
60,31,976,4,313
60,32,900,3,222
60,33,725,3,149
60,34,1014,4,229
60,35,1013,4,338
60,36,1042,4,285
60,37,964,4,345
60,38,1039,4,272
60,39,1059,4,370
60,40,918,4,264
60,41,961,4,222
60,42,1075,4,396
60,43,973,4,263
60,44,773,3,301
60,45,870,3,219
60,46,1238,4,413
60,47,167,2,25
60,48,513,2,149
60,49,962,4,200
60,50,629,3,155
60,51,1139,4,371
60,52,1013,4,269
60,53,1019,4,307
60,54,1068,4,359
60,55,1043,4,337
60,56,710,3,213
60,57,827,3,253
60,58,1055,4,299
60,59,267,2,109
60,60,36,2,13
60,61,2,2,0
60,62,0,2,
61,100,3,2,0
61,101,0,2,0
61,102,0,2,0
61,103,0,2,0
61,104,0,2,
61,105,0,2,0
61,106,0,2,
61,107,0,2,
61,108,0,2,
61,109,0,2,0
61,110,0,2,
61,111,0,2,0
61,112,0,2,
61,113,0,2,0
61,114,0,2,
64,75,813,3,368
64,76,389,2,88
64,77,1073,4,417
64,78,616,3,228
64,79,663,3,242
64,80,714,3,318
64,81,803,3,372
64,82,723,3,391
64,83,834,3,429
64,84,400,2,214
64,85,423,2,201
64,86,326,2,192
64,87,434,2,92
64,88,0,2,
64,89,0,2,0
64,90,0,2,
